<?xml version="1.0" encoding="UTF-8"?>
<!--

    Copyright (C) 2014 Apigee Corporation

    Licensed under the Apache License, Version 2.0 (the "License");
    you may not use this file except in compliance with the License.
    You may obtain a copy of the License at

            http://www.apache.org/licenses/LICENSE-2.0

    Unless required by applicable law or agreed to in writing, software
    distributed under the License is distributed on an "AS IS" BASIS,
    WITHOUT WARRANTIES OR CONDITIONS OF ANY KIND, either express or implied.
    See the License for the specific language governing permissions and
    limitations under the License.

-->
<!DOCTYPE log4j:configuration PUBLIC "-//LOGGER" "http://logging.apache.org/log4j/1.2/apidocs/org/apache/log4j/xml/doc-files/log4j.dtd">
<log4j:configuration>
    <!-- 
         an appender is an output destination, such as the console or a file;
         names of appenders are arbitrarily chosen
    -->
    <appender name="stdout" class="org.apache.log4j.ConsoleAppender">
        <layout class="org.apache.log4j.PatternLayout">
            <param name="ConversionPattern"
                value="%d{ABSOLUTE} %5p %c{1}:%L - %m%n" />
        </layout>
    </appender>
 
    <!-- 
         loggers of category 'org.springframework' will only log messages of level "info" or higher;
         if you retrieve Loggers by using the class name (e.g. Logger.getLogger(AClass.class))
         and if AClass is part of the org.springframework package, it will belong to this category
    -->
<!--     <logger name="org.springframework">
        <level value="info"/>
    </logger> -->
 
    <!-- 
         everything of spring was set to "info" but for class 
         PropertyEditorRegistrySupport we want "debug" logging 
    -->
   <!--  <logger name="org.springframework.beans.PropertyEditorRegistrySupport">
        <level value="debug"/>
    </logger>
 
    <logger name="org.acegisecurity">
        <level value="info"/>
    </logger> -->
 
 
    <root>
        <!-- 
            all log messages of level "debug" or higher will be logged, unless defined otherwise 
            all log messages will be logged to the appender "stdout", unless defined otherwise 
        -->
        <level value="debug" />
        <appender-ref ref="stdout" />
    </root>
</log4j:configuration>